1,1,0.0
1,2,35.0
1,3,70.0
1,6,30.0
1,11,55.0
1,7,65.0
2,1,35.0
2,2,0.0
2,3,35.0
2,4,70.0
2,6,65.0
3,1,70.0
3,2,35.0
3,3,0.0
3,4,35.0
3,5,70.0
4,2,70.0
4,3,35.0
4,4,0.0
4,5,35.0
4,10,60.0
5,3,70.0
5,4,35.0
5,5,0.0
5,10,25.0
5,15,55.0
5,31,60.0
5,32,75.0
5,9,60.0
6,1,30.0
6,6,0.0
6,7,35.0
6,8,70.0
6,11,25.0
6,16,50.0
6,21,75.0
6,2,65.0
6,12,60.0
7,6,35.0
7,7,0.0
7,8,35.0
7,9,70.178344238091
7,1,65.0
7,11,60.0
8,6,70.0
8,7,35.0
8,8,0.0
8,9,35.35533905932738
8,10,70.178344238091
9,7,70.178344238091
9,8,35.35533905932738
9,9,0.0
9,10,35.0
9,5,60.0
9,15,65.0
10,5,25.0
10,8,70.178344238091
10,9,35.0
10,10,0.0
10,15,30.0
10,20,55.0
10,31,65.0
10,32,63.245553203367585
10,4,60.0
10,14,65.0
11,1,55.0
11,6,25.0
11,11,0.0
11,12,35.0
11,13,70.0
11,16,25.0
11,21,50.0
11,7,60.0
11,17,60.0
12,11,35.0
12,12,0.0
12,13,35.0
12,14,70.0
12,6,60.0
12,16,60.0
13,11,70.0
13,12,35.0
13,13,0.0
13,14,35.0
13,15,70.0
14,12,70.0
14,13,35.0
14,14,0.0
14,15,35.0
14,10,65.0
14,20,60.0
15,5,55.0
15,10,30.0
15,13,70.0
15,14,35.0
15,15,0.0
15,20,25.0
15,25,50.0
15,32,60.8276253029822
15,33,69.46221994724903
15,9,65.0
15,19,60.0
16,6,50.0
16,11,25.0
16,16,0.0
16,17,35.0
16,18,70.0
16,21,25.0
16,26,55.0
16,12,60.0
16,22,60.0
17,16,35.0
17,17,0.0
17,18,35.0
17,19,70.0
17,11,60.0
17,21,60.0
18,16,70.0
18,17,35.0
18,18,0.0
18,19,35.0
18,20,70.0
19,17,70.0
19,18,35.0
19,19,0.0
19,20,35.0
19,15,60.0
19,25,60.0
20,10,55.0
20,15,25.0
20,18,70.0
20,19,35.0
20,20,0.0
20,25,25.0
20,30,55.0
20,32,69.46221994724903
20,33,60.8276253029822
20,14,60.0
20,24,60.0
21,6,75.0
21,11,50.0
21,16,25.0
21,21,0.0
21,22,35.0
21,23,70.0
21,26,30.0
21,69,55.0
21,17,60.0
21,27,65.0
22,21,35.0
22,22,0.0
22,23,35.0
22,24,70.0
22,16,60.0
22,26,65.0
23,21,70.0
23,22,35.0
23,23,0.0
23,24,35.0
23,25,70.0
24,22,70.0
24,23,35.0
24,24,0.0
24,25,35.0
24,20,60.0
24,30,65.0
25,15,50.0
25,20,25.0
25,23,70.0
25,24,35.0
25,25,0.0
25,30,30.0
25,33,61.84658438426491
25,34,67.08203932499369
25,19,60.0
25,29,65.0
26,16,55.0
26,21,30.0
26,26,0.0
26,27,35.0
26,28,70.0
26,69,25.0
26,75,50.0
26,81,75.0
26,22,65.0
26,70,65.0
27,26,35.0
27,27,0.0
27,28,35.0
27,29,70.0
27,21,65.0
27,69,60.0
28,26,70.0
28,27,35.0
28,28,0.0
28,29,35.0
28,30,70.0
29,27,70.0
29,28,35.0
29,29,0.0
29,30,35.0
29,25,65.0
30,20,55.0
30,25,30.0
30,28,70.0
30,29,35.0
30,30,0.0
30,33,75.0
30,34,60.0
30,24,65.0
31,5,60.0
31,10,65.0
31,31,0.0
31,32,45.0
31,419,74.33034373659252
31,420,50.24937810560445
32,5,75.0
32,10,63.245553203367585
32,15,60.8276253029822
32,20,69.46221994724903
32,31,45.0
32,32,0.0
32,33,45.0
32,419,50.99019513592785
32,420,70.71067811865476
33,15,69.46221994724903
33,20,60.8276253029822
33,25,61.84658438426491
33,30,75.0
33,32,45.0
33,33,0.0
33,34,45.0
33,74,70.0
33,201,45.34313619501854
33,202,74.32361670424818
33,419,61.032778078668514
34,25,67.08203932499369
34,30,60.0
34,33,45.0
34,34,0.0
34,74,25.0
34,80,50.0
34,86,75.0
34,201,37.16180835212409
34,202,69.63476143421474
34,73,65.0
34,206,59.36568055487916
35,35,0.0
35,36,40.311288741492746
35,39,35.0
35,43,60.0
35,40,75.0
36,35,40.311288741492746
36,36,0.0
36,37,40.0
36,39,75.31128874149275
37,36,40.0
37,37,0.0
37,38,40.0
38,42,70.0
38,47,70.0
38,37,40.0
38,38,0.0
39,35,35.0
39,39,0.0
39,40,40.0
39,43,25.0
39,48,50.0
39,53,70.0
39,420,56.568542494923804
39,36,75.31128874149275
39,44,65.0
40,39,40.0
40,40,0.0
40,41,40.0
40,35,75.0
40,43,65.0
41,40,40.0
41,41,0.0
41,42,40.0
42,38,70.0
42,47,50.0
42,41,40.0
42,42,0.0
43,35,60.0
43,39,25.0
43,43,0.0
43,44,40.0
43,48,25.0
43,53,45.0
43,58,75.0
43,420,42.720018726587654
43,40,65.0
43,49,65.0
44,43,40.0
44,44,0.0
44,45,40.0
44,39,65.0
44,48,65.0
45,44,40.0
45,45,0.0
45,46,40.0
46,45,40.0
46,46,0.0
46,47,40.0
47,42,50.0
47,38,70.0
47,52,50.0
47,46,40.0
47,47,0.0
48,39,50.0
48,43,25.0
48,48,0.0
48,49,40.0
48,53,20.0
48,58,50.0
48,63,75.0
48,419,64.03124237432849
48,420,41.23105625617661
48,44,65.0
48,54,60.0
49,48,40.0
49,49,0.0
49,50,40.0
49,43,65.0
49,53,60.0
50,49,40.0
50,50,0.0
50,51,40.0
51,50,40.0
51,51,0.0
51,52,40.0
52,47,50.0
52,57,60.0
52,51,40.0
52,52,0.0
53,39,70.0
53,43,45.0
53,48,20.0
53,53,0.0
53,54,40.0
53,58,30.0
53,63,55.0
53,419,50.0
53,420,50.0
53,49,60.0
53,59,70.0
54,53,40.0
54,54,0.0
54,55,40.0
54,48,60.0
54,58,70.0
55,54,40.0
55,55,0.0
55,56,40.0
56,55,40.0
56,56,0.0
56,57,40.0
57,52,60.0
57,62,70.0
57,56,40.0
57,57,0.0
58,43,75.0
58,48,50.0
58,53,30.0
58,58,0.0
58,59,40.0
58,63,25.0
58,202,68.62215385719105
58,419,40.0
58,420,72.11102550927978
58,54,70.0
58,64,65.0
59,58,40.0
59,59,0.0
59,60,40.0
59,53,70.0
59,63,65.0
60,59,40.0
60,60,0.0
60,61,40.0
61,60,40.0
61,61,0.0
61,62,40.0
62,57,70.0
62,68,50.0
62,61,40.0
62,62,0.0
63,48,75.0
63,53,55.0
63,58,25.0
63,63,0.0
63,64,40.0
63,201,68.81860213634101
63,202,45.65084884205331
63,419,47.16990566028302
63,59,65.0
63,203,79.6508488420533
64,63,40.0
64,64,0.0
64,65,40.0
64,58,65.0
65,64,40.0
65,65,0.0
65,66,40.0
66,65,40.0
66,66,0.0
66,67,40.0
67,66,40.0
67,67,0.0
67,68,40.0
68,62,50.0
68,67,40.0
68,68,0.0
68,313,42.720018726587654
68,316,76.48529270389177
69,21,55.0
69,26,25.0
69,69,0.0
69,70,40.0
69,75,25.0
69,81,50.0
69,87,75.0
69,27,60.0
69,76,65.0
70,69,40.0
70,70,0.0
70,71,40.0
70,26,65.0
70,75,65.0
71,70,40.0
71,71,0.0
71,72,40.0
72,71,40.0
72,72,0.0
72,73,40.0
73,72,40.0
73,73,0.0
73,74,40.0
73,206,74.16872656315464
73,34,65.0
73,80,65.0
74,33,70.0
74,34,25.0
74,73,40.0
74,74,0.0
74,80,25.0
74,86,50.0
74,92,75.0
74,201,52.49761899362675
74,206,34.36568055487916
74,207,68.18357573492314
74,79,65.0
74,211,59.36568055487916
75,26,50.0
75,69,25.0
75,75,0.0
75,76,40.0
75,81,25.0
75,87,50.0
75,70,65.0
75,82,65.0
76,75,40.0
76,76,0.0
76,77,40.0
76,69,65.0
76,81,65.0
77,76,40.0
77,77,0.0
77,78,40.0
78,77,40.0
78,78,0.0
78,79,40.0
79,78,40.0
79,79,0.0
79,80,40.0
79,211,74.16872656315464
79,74,65.0
79,86,65.0
80,34,50.0
80,74,25.0
80,79,40.0
80,80,0.0
80,86,25.0
80,92,50.0
80,211,34.36568055487916
80,212,68.18357573492314
80,73,65.0
80,201,77.49761899362676
80,206,59.36568055487916
80,85,65.0
80,216,59.0
81,26,75.0
81,69,50.0
81,75,25.0
81,81,0.0
81,82,40.0
81,87,25.0
81,93,55.0
81,76,65.0
81,88,65.0
82,81,40.0
82,82,0.0
82,83,40.0
82,75,65.0
82,87,65.0
83,82,40.0
83,83,0.0
83,84,40.0
84,83,40.0
84,84,0.0
84,85,40.0
85,84,40.0
85,85,0.0
85,86,40.0
85,216,74.0
85,221,78.10889834071403
85,80,65.0
85,92,65.0
86,34,75.0
86,74,50.0
86,80,25.0
86,85,40.0
86,86,0.0
86,92,25.0
86,98,55.0
86,211,45.34313619501854
86,216,34.0
86,217,68.0
86,79,65.0
86,91,65.0
86,221,59.0
86,212,79.34313619501853
87,69,75.0
87,75,50.0
87,81,25.0
87,87,0.0
87,88,40.0
87,93,30.0
87,99,55.0
87,82,65.0
87,94,70.0
88,87,40.0
88,88,0.0
88,89,40.0
88,81,65.0
88,93,70.0
89,88,40.0
89,89,0.0
89,90,40.0
90,89,40.0
90,90,0.0
90,91,40.0
91,90,40.0
91,91,0.0
91,92,40.0
91,221,74.0
91,226,78.10889834071403
91,86,65.0
91,98,70.0
92,74,75.0
92,80,50.0
92,86,25.0
92,91,40.0
92,92,0.0
92,98,30.0
92,104,55.0
92,221,34.0
92,222,68.0
92,85,65.0
92,211,70.34313619501853
92,216,59.0
92,97,70.0
92,226,64.36568055487916
93,81,55.0
93,87,30.0
93,93,0.0
93,94,40.0
93,99,25.0
93,105,50.0
93,111,75.0
93,88,70.0
93,100,65.0
94,93,40.0
94,94,0.0
94,95,40.0
94,87,70.0
94,99,65.0
95,94,40.0
95,95,0.0
95,96,40.0
96,95,40.0
96,96,0.0
96,97,40.0
97,96,40.0
97,97,0.0
97,98,40.0
97,226,74.16872656315464
97,92,70.0
97,104,65.0
98,86,55.0
98,92,30.0
98,97,40.0
98,98,0.0
98,104,25.0
98,110,50.0
98,116,75.0
98,221,45.34313619501854
98,226,34.36568055487916
98,227,68.18357573492314
98,91,70.0
98,103,65.0
98,231,59.36568055487916
98,222,79.34313619501853
99,87,55.0
99,93,25.0
99,99,0.0
99,100,40.0
99,105,25.0
99,111,50.0
99,117,75.0
99,94,65.0
99,106,65.0
100,99,40.0
100,100,0.0
100,101,40.0
100,93,65.0
100,105,65.0
101,100,40.0
101,101,0.0
101,102,40.0
102,101,40.0
102,102,0.0
102,103,40.0
103,102,40.0
103,103,0.0
103,104,40.0
103,231,74.16872656315464
103,98,65.0
103,110,65.0
104,92,55.0
104,98,25.0
104,103,40.0
104,104,0.0
104,110,25.0
104,116,50.0
104,122,75.0
104,226,45.34313619501854
104,231,34.36568055487916
104,232,68.18357573492314
104,97,65.0
104,221,70.34313619501853
104,109,65.0
104,236,59.36568055487916
104,241,67.20189569201838
104,227,79.34313619501853
105,93,50.0
105,99,25.0
105,105,0.0
105,106,40.0
105,111,25.0
105,117,50.0
105,123,75.0
105,100,65.0
105,112,65.0
106,105,40.0
106,106,0.0
106,107,40.0
106,99,65.0
106,111,65.0
107,106,40.0
107,107,0.0
107,108,40.0
108,107,40.0
108,108,0.0
108,109,40.0
109,108,40.0
109,109,0.0
109,110,40.0
109,236,74.16872656315464
109,104,65.0
109,116,65.0
110,98,50.0
110,104,25.0
110,109,40.0
110,110,0.0
110,116,25.0
110,122,50.0
110,128,75.0
110,236,34.36568055487916
110,237,68.18357573492314
110,241,42.20189569201838
110,103,65.0
110,226,70.34313619501853
110,231,59.36568055487916
110,115,65.0
110,242,76.20189569201838
111,93,75.0
111,99,50.0
111,105,25.0
111,111,0.0
111,112,40.0
111,117,25.0
111,123,50.0
111,129,75.0
111,106,65.0
111,118,65.0
112,111,40.0
112,112,0.0
112,113,40.0
112,105,65.0
112,117,65.0
113,112,40.0
113,113,0.0
113,114,40.0
114,113,40.0
114,114,0.0
114,115,40.0
115,114,40.0
115,115,0.0
115,116,40.0
115,241,74.0
115,110,65.0
115,122,65.0
116,98,75.0
116,104,50.0
116,110,25.0
116,115,40.0
116,116,0.0
116,122,25.0
116,128,50.0
116,134,75.0
116,236,45.34313619501854
116,241,34.0
116,242,68.0
116,109,65.0
116,121,65.0
116,246,59.0
116,237,79.34313619501853
117,99,75.0
117,105,50.0
117,111,25.0
117,117,0.0
117,118,40.0
117,123,25.0
117,129,50.0
117,135,75.0
117,112,65.0
117,124,65.0
118,117,40.0
118,118,0.0
118,119,40.0
118,111,65.0
118,123,65.0
119,118,40.0
119,119,0.0
119,120,40.0
120,119,40.0
120,120,0.0
120,121,40.0
121,120,40.0
121,121,0.0
121,122,40.0
121,246,74.0
121,116,65.0
121,128,65.0
122,104,75.0
122,110,50.0
122,116,25.0
122,121,40.0
122,122,0.0
122,128,25.0
122,134,50.0
122,140,75.0
122,241,42.20189569201838
122,246,34.0
122,247,68.0
122,115,65.0
122,236,70.34313619501853
122,127,65.0
122,251,59.0
122,256,67.20189569201838
122,242,76.20189569201838
123,105,75.0
123,111,50.0
123,117,25.0
123,123,0.0
123,124,40.0
123,129,25.0
123,135,50.0
123,141,70.0
123,118,65.0
123,130,65.0
124,123,40.0
124,124,0.0
124,125,40.0
124,117,65.0
124,129,65.0
125,124,40.0
125,125,0.0
125,126,40.0
126,125,40.0
126,126,0.0
126,127,40.0
127,126,40.0
127,127,0.0
127,128,40.0
127,251,74.0
127,122,65.0
127,134,65.0
128,110,75.0
128,116,50.0
128,122,25.0
128,127,40.0
128,128,0.0
128,134,25.0
128,140,50.0
128,146,75.0
128,246,42.20189569201838
128,251,34.0
128,252,68.0
128,256,42.20189569201838
128,121,65.0
128,241,67.20189569201838
128,133,65.0
128,247,76.20189569201838
128,257,76.20189569201838
129,111,75.0
129,117,50.0
129,123,25.0
129,129,0.0
129,130,40.0
129,135,25.0
129,141,45.0
129,147,75.0
129,124,65.0
129,136,65.0
130,129,40.0
130,130,0.0
130,131,40.0
130,123,65.0
130,135,65.0
131,130,40.0
131,131,0.0
131,132,40.0
132,131,40.0
132,132,0.0
132,133,40.0
133,132,40.0
133,133,0.0
133,134,40.0
133,256,74.0
133,128,65.0
133,140,65.0
134,116,75.0
134,122,50.0
134,128,25.0
134,133,40.0
134,134,0.0
134,140,25.0
134,146,50.0
134,152,75.0
134,256,34.0
134,257,68.0
134,127,65.0
134,246,67.20189569201838
134,251,59.0
134,139,65.0
134,261,59.0
134,266,70.34313619501853
135,117,75.0
135,123,50.0
135,129,25.0
135,135,0.0
135,136,40.0
135,141,20.0
135,147,50.0
135,153,75.0
135,130,65.0
135,142,60.0
136,135,40.0
136,136,0.0
136,137,40.0
136,129,65.0
136,141,60.0
137,136,40.0
137,137,0.0
137,138,40.0
138,137,40.0
138,138,0.0
138,139,40.0
139,138,40.0
139,139,0.0
139,140,40.0
139,261,74.0
139,134,65.0
139,146,65.0
140,122,75.0
140,128,50.0
140,134,25.0
140,139,40.0
140,140,0.0
140,146,25.0
140,152,50.0
140,158,75.0
140,261,34.0
140,262,68.0
140,266,45.34313619501854
140,133,65.0
140,256,59.0
140,145,65.0
140,271,70.34313619501853
140,267,79.34313619501853
141,123,70.0
141,129,45.0
141,135,20.0
141,141,0.0
141,142,40.0
141,147,30.0
141,153,55.0
141,136,60.0
141,148,70.0
142,141,40.0
142,142,0.0
142,143,40.311288741492746
142,135,60.0
142,147,70.0
143,142,40.311288741492746
143,143,0.0
143,144,40.0
144,143,40.0
144,144,0.0
144,145,40.0
145,144,40.0
145,145,0.0
145,146,40.0
145,266,74.16872656315464
145,140,65.0
145,152,65.0
146,128,75.0
146,134,50.0
146,140,25.0
146,145,40.0
146,146,0.0
146,152,25.0
146,158,50.0
146,164,75.0
146,261,42.20189569201838
146,266,34.36568055487916
146,267,68.18357573492314
146,271,45.34313619501854
146,139,65.0
146,151,65.0
146,262,76.20189569201838
146,272,79.34313619501853
147,129,75.0
147,135,50.0
147,141,30.0
147,147,0.0
147,148,40.0
147,153,25.0
147,159,50.0
147,142,70.0
147,154,65.0
148,147,40.0
148,148,0.0
148,149,40.0
148,141,70.0
148,153,65.0
149,148,40.0
149,149,0.0
149,150,40.0
150,149,40.0
150,150,0.0
150,151,40.0
151,150,40.0
151,151,0.0
151,152,40.0
151,271,74.16872656315464
151,146,65.0
151,158,65.0
151,266,79.44616584663204
152,134,75.0
152,140,50.0
152,146,25.0
152,151,40.0
152,152,0.0
152,158,25.0
152,164,50.0
152,261,60.4648658313239
152,266,39.44616584663204
152,271,34.36568055487916
152,272,68.18357573492314
152,145,65.0
152,157,65.0
152,276,59.36568055487916
152,267,73.44616584663204
153,135,75.0
153,141,55.0
153,147,25.0
153,153,0.0
153,154,40.0
153,159,25.0
153,165,55.0
153,148,65.0
153,160,65.0
154,153,40.0
154,154,0.0
154,155,40.0
154,147,65.0
154,159,65.0
155,154,40.0
155,155,0.0
155,156,40.0
156,155,40.0
156,156,0.0
156,157,40.0
157,156,40.0
157,157,0.0
157,158,40.0
157,276,74.16872656315464
157,152,65.0
157,164,65.0
157,271,79.44616584663204
158,140,75.0
158,146,50.0
158,152,25.0
158,157,40.0
158,158,0.0
158,164,25.0
158,170,55.0
158,271,39.44616584663204
158,276,34.36568055487916
158,151,65.0
158,266,64.44616584663204
158,163,65.0
158,281,59.36568055487916
158,272,73.44616584663204
158,277,68.36568055487916
159,147,50.0
159,153,25.0
159,159,0.0
159,160,40.0
159,165,30.0
159,171,55.0
159,154,65.0
159,166,70.0
160,159,40.0
160,160,0.0
160,161,40.0
160,153,65.0
160,165,70.0
161,160,40.0
161,161,0.0
161,162,40.0
162,161,40.0
162,162,0.0
162,163,40.0
163,162,40.0
163,163,0.0
163,164,40.0
163,281,74.16872656315464
163,158,65.0
163,170,70.0
163,276,79.44616584663204
164,146,75.0
164,152,50.0
164,158,25.0
164,163,40.0
164,164,0.0
164,170,30.0
164,176,55.0
164,276,39.44616584663204
164,281,34.36568055487916
164,157,65.0
164,271,64.44616584663204
164,169,70.0
164,286,64.0
164,277,73.44616584663204
164,282,68.36568055487916
165,153,55.0
165,159,30.0
165,165,0.0
165,166,40.0
165,171,25.0
165,177,50.0
165,183,75.0
165,160,70.0
165,172,65.0
166,165,40.0
166,166,0.0
166,167,40.0
166,159,70.0
166,171,65.0
167,166,40.0
167,167,0.0
167,168,40.0
168,167,40.0
168,168,0.0
168,169,40.0
169,168,40.0
169,169,0.0
169,170,40.0
169,286,74.0
169,164,70.0
169,176,65.0
170,158,55.0
170,164,30.0
170,169,40.0
170,170,0.0
170,176,25.0
170,182,50.0
170,188,75.0
170,286,34.0
170,287,68.0
170,163,70.0
170,276,69.44616584663204
170,281,64.36568055487916
170,175,65.0
170,291,59.0
170,296,70.34313619501853
171,159,55.0
171,165,25.0
171,171,0.0
171,172,40.0
171,177,25.0
171,183,50.0
171,189,75.0
171,166,65.0
171,178,65.0
172,171,40.0
172,172,0.0
172,173,40.0
172,165,65.0
172,177,65.0
173,172,40.0
173,173,0.0
173,174,40.0
174,173,40.0
174,174,0.0
174,175,40.0
175,174,40.0
175,175,0.0
175,176,40.0
175,291,74.0
175,170,65.0
175,182,65.0
176,164,55.0
176,170,25.0
176,175,40.0
176,176,0.0
176,182,25.0
176,188,50.0
176,194,75.0
176,291,34.0
176,292,68.0
176,296,45.34313619501854
176,169,65.0
176,286,59.0
176,181,65.0
176,301,70.34313619501853
176,297,79.34313619501853
177,165,50.0
177,171,25.0
177,177,0.0
177,178,40.0
177,183,25.0
177,189,50.0
177,195,75.0
177,172,65.0
177,184,65.0
178,177,40.0
178,178,0.0
178,179,40.0
178,171,65.0
178,183,65.0
179,178,40.0
179,179,0.0
179,180,40.0
180,179,40.0
180,180,0.0
180,181,40.0
181,180,40.0
181,181,0.0
181,182,40.0
181,296,74.16872656315464
181,176,65.0
181,188,65.0
182,170,50.0
182,176,25.0
182,181,40.0
182,182,0.0
182,188,25.0
182,194,50.0
182,200,75.0
182,291,42.20189569201838
182,296,34.36568055487916
182,297,68.18357573492314
182,301,45.34313619501854
182,175,65.0
182,187,65.0
182,306,70.34313619501853
182,292,76.20189569201838
182,302,79.34313619501853
183,165,75.0
183,171,50.0
183,177,25.0
183,183,0.0
183,184,40.0
183,189,25.0
183,195,50.0
183,178,65.0
183,190,65.0
184,183,40.0
184,184,0.0
184,185,40.0
184,177,65.0
184,189,65.0
185,184,40.0
185,185,0.0
185,186,40.0
186,185,40.0
186,186,0.0
186,187,40.0
187,186,40.0
187,187,0.0
187,188,40.0
187,301,74.16872656315464
187,182,65.0
187,194,65.0
188,170,75.0
188,176,50.0
188,182,25.0
188,187,40.0
188,188,0.0
188,194,25.0
188,200,50.0
188,301,34.36568055487916
188,302,68.18357573492314
188,306,45.34313619501854
188,181,65.0
188,291,67.20189569201838
188,296,59.36568055487916
188,193,65.0
188,307,79.34313619501853
189,171,75.0
189,177,50.0
189,183,25.0
189,189,0.0
189,190,40.0
189,195,25.0
189,184,65.0
189,196,65.0
190,189,40.0
190,190,0.0
190,191,40.0
190,183,65.0
190,195,65.0
191,190,40.0
191,191,0.0
191,192,40.0
192,191,40.0
192,192,0.0
192,193,40.0
193,192,40.0
193,193,0.0
193,194,40.0
193,306,74.16872656315464
193,188,65.0
193,200,65.0
194,176,75.0
194,182,50.0
194,188,25.0
194,193,40.0
194,194,0.0
194,200,25.0
194,306,34.36568055487916
194,307,68.18357573492314
194,187,65.0
194,301,59.36568055487916
194,199,65.0
194,377,65.31128874149275
195,177,75.0
195,183,50.0
195,189,25.0
195,195,0.0
195,196,40.0
195,190,65.0
196,195,40.0
196,196,0.0
196,197,40.0
196,189,65.0
197,196,40.0
197,197,0.0
197,198,40.0
198,197,40.0
198,198,0.0
198,199,40.0
199,198,40.0
199,199,0.0
199,200,40.0
199,377,77.62087348130012
199,194,65.0
200,182,75.0
200,188,50.0
200,194,25.0
200,199,40.0
200,200,0.0
200,377,40.311288741492746
200,378,70.8801805866774
200,193,65.0
200,306,59.36568055487916
201,33,45.34313619501854
201,34,37.16180835212409
201,63,68.81860213634101
201,74,52.49761899362675
201,201,0.0
201,202,34.0
201,203,68.0
201,419,66.94027188471824
201,80,77.49761899362676
202,33,74.32361670424818
202,34,69.63476143421474
202,58,68.62215385719105
202,63,45.65084884205331
202,201,34.0
202,202,0.0
202,203,34.0
202,204,68.0
202,419,67.446274915669
203,201,68.0
203,202,34.0
203,203,0.0
203,204,34.0
203,205,68.0
203,63,79.6508488420533
204,202,68.0
204,203,34.0
204,204,0.0
204,205,34.0
204,311,79.0
204,210,69.0
205,203,68.0
205,204,34.0
205,205,0.0
205,210,35.0
205,215,60.0
205,311,45.0
205,209,69.0
206,73,74.16872656315464
206,74,34.36568055487916
206,206,0.0
206,207,34.0
206,208,68.0
206,34,59.36568055487916
206,80,59.36568055487916
207,74,68.18357573492314
207,206,34.0
207,207,0.0
207,208,34.0
207,209,68.0
208,206,68.0
208,207,34.0
208,208,0.0
208,209,34.0
208,210,68.0
209,207,68.0
209,208,34.0
209,209,0.0
209,210,34.0
209,314,79.0
209,205,69.0
209,215,59.0
210,205,35.0
210,208,68.0
210,209,34.0
210,210,0.0
210,215,25.0
210,220,55.0
210,314,45.0
210,204,69.0
210,214,59.0
210,317,70.0
211,79,74.16872656315464
211,80,34.36568055487916
211,86,45.34313619501854
211,211,0.0
211,212,34.0
211,213,68.0
211,74,59.36568055487916
211,92,70.34313619501853
211,216,79.34313619501853
212,80,68.18357573492314
212,211,34.0
212,212,0.0
212,213,34.0
212,214,68.0
212,86,79.34313619501853
213,211,68.0
213,212,34.0
213,213,0.0
213,214,34.0
213,215,68.0
214,212,68.0
214,213,34.0
214,214,0.0
214,215,34.0
214,317,79.0
214,210,59.0
214,220,64.0
215,205,60.0
215,210,25.0
215,213,68.0
215,214,34.0
215,215,0.0
215,220,30.0
215,225,55.0
215,317,45.0
215,209,59.0
215,314,70.0
215,219,64.0
216,85,74.0
216,86,34.0
216,216,0.0
216,217,34.0
216,218,68.0
216,80,59.0
216,92,59.0
216,211,79.34313619501853
217,86,68.0
217,216,34.0
217,217,0.0
217,218,34.0
217,219,68.0
218,216,68.0
218,217,34.0
218,218,0.0
218,219,34.0
218,220,68.0
219,217,68.0
219,218,34.0
219,219,0.0
219,220,34.0
219,320,79.1580697086532
219,215,64.0
219,225,59.0
220,210,55.0
220,215,30.0
220,218,68.0
220,219,34.0
220,220,0.0
220,225,25.0
220,230,50.0
220,235,75.0
220,214,64.0
220,317,75.0
220,224,59.0
220,323,70.27692569068708
221,85,78.10889834071403
221,91,74.0
221,92,34.0
221,98,45.34313619501854
221,221,0.0
221,222,34.0
221,223,68.0
221,86,59.0
221,104,70.34313619501853
221,226,79.7088167498977
222,92,68.0
222,221,34.0
222,222,0.0
222,223,34.0
222,224,68.0
222,98,79.34313619501853
223,221,68.0
223,222,34.0
223,223,0.0
223,224,34.0
223,225,68.0
224,222,68.0
224,223,34.0
224,224,0.0
224,225,34.0
224,323,79.1580697086532
224,220,59.0
224,230,59.0
225,215,55.0
225,220,25.0
225,223,68.0
225,224,34.0
225,225,0.0
225,230,25.0
225,235,50.0
225,240,75.0
225,323,45.27692569068709
225,219,59.0
225,229,59.0
225,326,70.0
226,91,78.10889834071403
226,97,74.16872656315464
226,98,34.36568055487916
226,104,45.34313619501854
226,226,0.0
226,227,34.0
226,228,68.0
226,92,64.36568055487916
226,110,70.34313619501853
226,221,79.7088167498977
226,231,79.7088167498977
227,98,68.18357573492314
227,226,34.0
227,227,0.0
227,228,34.0
227,229,68.0
227,104,79.34313619501853
228,226,68.0
228,227,34.0
228,228,0.0
228,229,34.0
228,230,68.0
229,227,68.0
229,228,34.0
229,229,0.0
229,230,34.0
229,326,79.0
229,225,59.0
229,235,59.0
230,220,50.0
230,225,25.0
230,228,68.0
230,229,34.0
230,230,0.0
230,235,25.0
230,240,50.0
230,326,45.0
230,224,59.0
230,323,70.27692569068708
230,234,59.0
230,329,70.0
231,103,74.16872656315464
231,104,34.36568055487916
231,231,0.0
231,232,34.0
231,233,68.0
231,98,59.36568055487916
231,110,59.36568055487916
231,226,79.7088167498977
232,104,68.18357573492314
232,231,34.0
232,232,0.0
232,233,34.0
232,234,68.0
233,231,68.0
233,232,34.0
233,233,0.0
233,234,34.0
233,235,68.0
234,232,68.0
234,233,34.0
234,234,0.0
234,235,34.0
234,329,79.0
234,230,59.0
234,240,59.0
235,220,75.0
235,225,50.0
235,230,25.0
235,233,68.0
235,234,34.0
235,235,0.0
235,240,25.0
235,245,55.0
235,329,45.0
235,229,59.0
235,326,70.0
235,239,59.0
235,332,70.0
236,109,74.16872656315464
236,110,34.36568055487916
236,116,45.34313619501854
236,236,0.0
236,237,34.0
236,238,68.0
236,104,59.36568055487916
236,122,70.34313619501853
236,241,76.56757624689754
237,110,68.18357573492314
237,236,34.0
237,237,0.0
237,238,34.0
237,239,68.0
237,116,79.34313619501853
238,236,68.0
238,237,34.0
238,238,0.0
238,239,34.0
238,240,68.0
239,237,68.0
239,238,34.0
239,239,0.0
239,240,34.0
239,332,79.0
239,235,59.0
239,245,64.0
240,225,75.0
240,230,50.0
240,235,25.0
240,238,68.0
240,239,34.0
240,240,0.0
240,245,30.0
240,250,55.0
240,332,45.0
240,234,59.0
240,329,70.0
240,244,64.0
240,335,75.0
241,110,42.20189569201838
241,115,74.0
241,116,34.0
241,122,42.20189569201838
241,241,0.0
241,242,34.0
241,243,68.0
241,104,67.20189569201838
241,128,67.20189569201838
241,236,76.56757624689754
241,246,76.20189569201838
242,116,68.0
242,241,34.0
242,242,0.0
242,243,34.0
242,244,68.0
242,110,76.20189569201838
242,122,76.20189569201838
243,241,68.0
243,242,34.0
243,243,0.0
243,244,34.0
243,245,68.0
244,242,68.0
244,243,34.0
244,244,0.0
244,245,34.0
244,335,79.0
244,240,64.0
244,250,59.0
245,235,55.0
245,240,30.0
245,243,68.0
245,244,34.0
245,245,0.0
245,250,25.0
245,255,50.0
245,260,75.0
245,335,45.0
245,239,64.0
245,332,75.0
245,249,59.0
245,338,70.0
246,121,74.0
246,122,34.0
246,128,42.20189569201838
246,246,0.0
246,247,34.0
246,248,68.0
246,116,59.0
246,134,67.20189569201838
246,241,76.20189569201838
246,251,76.20189569201838
247,122,68.0
247,246,34.0
247,247,0.0
247,248,34.0
247,249,68.0
247,128,76.20189569201838
248,246,68.0
248,247,34.0
248,248,0.0
248,249,34.0
248,250,68.0
249,247,68.0
249,248,34.0
249,249,0.0
249,250,34.0
249,338,79.0
249,245,59.0
249,255,59.0
250,240,55.0
250,245,25.0
250,248,68.0
250,249,34.0
250,250,0.0
250,255,25.0
250,260,50.0
250,265,75.0
250,338,45.0
250,244,59.0
250,335,70.0
250,254,59.0
250,341,70.0
251,127,74.0
251,128,34.0
251,251,0.0
251,252,34.0
251,253,68.0
251,122,59.0
251,134,59.0
251,246,76.20189569201838
251,256,76.20189569201838
252,128,68.0
252,251,34.0
252,252,0.0
252,253,34.0
252,254,68.0
253,251,68.0
253,252,34.0
253,253,0.0
253,254,34.0
253,255,68.0
254,252,68.0
254,253,34.0
254,254,0.0
254,255,34.0
254,341,79.0
254,250,59.0
254,260,59.0
255,245,50.0
255,250,25.0
255,253,68.0
255,254,34.0
255,255,0.0
255,260,25.0
255,265,50.0
255,341,45.0
255,249,59.0
255,338,70.0
255,259,59.0
255,344,70.0
256,128,42.20189569201838
256,133,74.0
256,134,34.0
256,256,0.0
256,257,34.0
256,258,68.0
256,122,67.20189569201838
256,140,59.0
256,251,76.20189569201838
257,134,68.0
257,256,34.0
257,257,0.0
257,258,34.0
257,259,68.0
257,128,76.20189569201838
258,256,68.0
258,257,34.0
258,258,0.0
258,259,34.0
258,260,68.0
259,257,68.0
259,258,34.0
259,259,0.0
259,260,34.0
259,344,79.0
259,255,59.0
259,265,59.0
260,245,75.0
260,250,50.0
260,255,25.0
260,258,68.0
260,259,34.0
260,260,0.0
260,265,25.0
260,270,55.0
260,344,45.0
260,254,59.0
260,341,70.0
260,264,59.0
260,347,70.0
261,139,74.0
261,140,34.0
261,146,42.20189569201838
261,152,60.4648658313239
261,261,0.0
261,262,34.0
261,263,68.0
261,134,59.0
261,266,76.56757624689754
262,140,68.0
262,261,34.0
262,262,0.0
262,263,34.0
262,264,68.0
262,146,76.20189569201838
263,261,68.0
263,262,34.0
263,263,0.0
263,264,34.0
263,265,68.0
264,262,68.0
264,263,34.0
264,264,0.0
264,265,34.0
264,347,79.0
264,260,59.0
264,270,64.0
265,250,75.0
265,255,50.0
265,260,25.0
265,263,68.0
265,264,34.0
265,265,0.0
265,270,30.0
265,275,55.0
265,347,45.0
265,259,59.0
265,344,70.0
265,269,64.0
265,350,75.0
266,140,45.34313619501854
266,145,74.16872656315464
266,146,34.36568055487916
266,152,39.44616584663204
266,266,0.0
266,267,34.0
266,268,68.0
266,134,70.34313619501853
266,151,79.44616584663204
266,158,64.44616584663204
266,261,76.56757624689754
266,271,73.8118464015112
267,146,68.18357573492314
267,266,34.0
267,267,0.0
267,268,34.0
267,269,68.0
267,140,79.34313619501853
267,152,73.44616584663204
268,266,68.0
268,267,34.0
268,268,0.0
268,269,34.0
268,270,68.0
269,267,68.0
269,268,34.0
269,269,0.0
269,270,34.0
269,350,79.0
269,265,64.0
269,275,59.0
270,260,55.0
270,265,30.0
270,268,68.0
270,269,34.0
270,270,0.0
270,275,25.0
270,280,50.0
270,285,75.0
270,350,45.0
270,264,64.0
270,347,75.0
270,274,59.0
270,353,70.0
271,146,45.34313619501854
271,151,74.16872656315464
271,152,34.36568055487916
271,158,39.44616584663204
271,271,0.0
271,272,34.0
271,273,68.0
271,140,70.34313619501853
271,157,79.44616584663204
271,164,64.44616584663204
271,266,73.8118464015112
271,276,73.8118464015112
272,152,68.18357573492314
272,271,34.0
272,272,0.0
272,273,34.0
272,274,68.0
272,146,79.34313619501853
272,158,73.44616584663204
273,271,68.0
273,272,34.0
273,273,0.0
273,274,34.0
273,275,68.0
274,272,68.0
274,273,34.0
274,274,0.0
274,275,34.0
274,353,79.0
274,270,59.0
274,280,59.0
275,265,55.0
275,270,25.0
275,273,68.0
275,274,34.0
275,275,0.0
275,280,25.0
275,285,50.0
275,290,75.0
275,353,45.0
275,269,59.0
275,350,70.0
275,279,59.0
275,356,70.0
276,157,74.16872656315464
276,158,34.36568055487916
276,164,39.44616584663204
276,276,0.0
276,277,34.0
276,278,68.0
276,152,59.36568055487916
276,163,79.44616584663204
276,170,69.44616584663204
276,271,73.8118464015112
276,281,73.8118464015112
277,276,34.0
277,277,0.0
277,278,34.0
277,279,68.0
277,158,68.36568055487916
277,164,73.44616584663204
278,276,68.0
278,277,34.0
278,278,0.0
278,279,34.0
278,280,68.0
279,277,68.0
279,278,34.0
279,279,0.0
279,280,34.0
279,356,79.0
279,275,59.0
279,285,59.0
280,270,50.0
280,275,25.0
280,278,68.0
280,279,34.0
280,280,0.0
280,285,25.0
280,290,50.0
280,295,75.0
280,356,45.0
280,274,59.0
280,353,70.0
280,284,59.0
280,359,70.0
281,163,74.16872656315464
281,164,34.36568055487916
281,281,0.0
281,282,34.0
281,283,68.0
281,158,59.36568055487916
281,170,64.36568055487916
281,276,73.8118464015112
282,281,34.0
282,282,0.0
282,283,34.0
282,284,68.0
282,164,68.36568055487916
283,281,68.0
283,282,34.0
283,283,0.0
283,284,34.0
283,285,68.0
284,282,68.0
284,283,34.0
284,284,0.0
284,285,34.0
284,359,79.0
284,280,59.0
284,290,59.0
285,270,75.0
285,275,50.0
285,280,25.0
285,283,68.0
285,284,34.0
285,285,0.0
285,290,25.0
285,295,50.0
285,359,45.0
285,279,59.0
285,356,70.0
285,289,59.0
285,362,70.0
286,169,74.0
286,170,34.0
286,286,0.0
286,287,34.0
286,288,68.0
286,164,64.0
286,176,59.0
287,170,68.0
287,286,34.0
287,287,0.0
287,288,34.0
287,289,68.0
288,286,68.0
288,287,34.0
288,288,0.0
288,289,34.0
288,290,68.0
289,287,68.0
289,288,34.0
289,289,0.0
289,290,34.0
289,362,79.0
289,285,59.0
289,295,59.0
290,275,75.0
290,280,50.0
290,285,25.0
290,288,68.0
290,289,34.0
290,290,0.0
290,295,25.0
290,300,55.0
290,362,45.0
290,284,59.0
290,359,70.0
290,294,59.0
290,365,70.0
291,175,74.0
291,176,34.0
291,182,42.20189569201838
291,291,0.0
291,292,34.0
291,293,68.0
291,170,59.0
291,188,67.20189569201838
291,296,76.56757624689754
292,176,68.0
292,291,34.0
292,292,0.0
292,293,34.0
292,294,68.0
292,182,76.20189569201838
293,291,68.0
293,292,34.0
293,293,0.0
293,294,34.0
293,295,68.0
294,292,68.0
294,293,34.0
294,294,0.0
294,295,34.0
294,365,79.0
294,290,59.0
294,300,64.0
295,280,75.0
295,285,50.0
295,290,25.0
295,293,68.0
295,294,34.0
295,295,0.0
295,300,30.0
295,305,55.0
295,365,45.0
295,289,59.0
295,362,70.0
295,299,64.0
296,176,45.34313619501854
296,181,74.16872656315464
296,182,34.36568055487916
296,296,0.0
296,297,34.0
296,298,68.0
296,170,70.34313619501853
296,188,59.36568055487916
296,291,76.56757624689754
296,301,79.7088167498977
297,182,68.18357573492314
297,296,34.0
297,297,0.0
297,298,34.0
297,299,68.0
297,176,79.34313619501853
298,296,68.0
298,297,34.0
298,298,0.0
298,299,34.0
298,300,68.0
299,297,68.0
299,298,34.0
299,299,0.0
299,300,34.0
299,368,79.63039620647382
299,295,64.0
299,305,59.0
300,290,55.0
300,295,30.0
300,298,68.0
300,299,34.0
300,300,0.0
300,305,25.0
300,310,50.0
300,294,64.0
300,365,75.0
300,304,59.0
300,371,70.27692569068708
301,182,45.34313619501854
301,187,74.16872656315464
301,188,34.36568055487916
301,301,0.0
301,302,34.0
301,303,68.0
301,176,70.34313619501853
301,194,59.36568055487916
301,296,79.7088167498977
301,306,79.7088167498977
302,188,68.18357573492314
302,301,34.0
302,302,0.0
302,303,34.0
302,304,68.0
302,182,79.34313619501853
303,301,68.0
303,302,34.0
303,303,0.0
303,304,34.0
303,305,68.0
304,302,68.0
304,303,34.0
304,304,0.0
304,305,34.0
304,371,79.1580697086532
304,300,59.0
304,310,59.0
305,295,55.0
305,300,25.0
305,303,68.0
305,304,34.0
305,305,0.0
305,310,25.0
305,371,45.27692569068709
305,381,65.0
305,299,59.0
305,309,59.0
305,374,70.0
306,188,45.34313619501854
306,193,74.16872656315464
306,194,34.36568055487916
306,306,0.0
306,307,34.0
306,308,68.0
306,182,70.34313619501853
306,200,59.36568055487916
306,301,79.7088167498977
307,194,68.18357573492314
307,306,34.0
307,307,0.0
307,308,34.0
307,309,68.0
307,188,79.34313619501853
308,306,68.0
308,307,34.0
308,308,0.0
308,309,34.0
308,310,68.0
309,307,68.0
309,308,34.0
309,309,0.0
309,310,34.0
309,374,79.0
309,305,59.0
309,381,74.0
310,300,50.0
310,305,25.0
310,308,68.0
310,309,34.0
310,310,0.0
310,374,45.0
310,381,40.0
310,304,59.0
310,371,70.27692569068708
310,380,74.0
311,204,79.0
311,205,45.0
311,311,0.0
311,312,45.0
312,311,45.0
312,312,0.0
312,313,45.0
313,68,42.720018726587654
313,312,45.0
313,313,0.0
313,316,35.0
313,319,60.0
314,209,79.0
314,210,45.0
314,314,0.0
314,315,45.0
314,215,70.0
315,314,45.0
315,315,0.0
315,316,45.0
315,319,70.0
316,68,76.48529270389177
316,313,35.0
316,315,45.0
316,316,0.0
316,319,25.0
316,322,50.0
316,325,75.0
316,318,70.0
316,385,67.72001872658765
317,214,79.0
317,215,45.0
317,317,0.0
317,318,45.0
317,210,70.0
317,220,75.0
318,317,45.0
318,318,0.0
318,319,45.0
318,316,70.0
318,322,70.0
319,313,60.0
319,316,25.0
319,318,45.0
319,319,0.0
319,322,25.0
319,325,50.0
319,385,42.720018726587654
319,315,70.0
319,321,70.0
320,219,79.1580697086532
320,320,0.0
320,321,45.0
321,320,45.0
321,321,0.0
321,322,45.0
321,319,70.0
321,325,70.0
322,316,50.0
322,319,25.0
322,321,45.0
322,322,0.0
322,325,25.0
322,328,55.0
322,318,70.0
322,385,67.72001872658765
322,324,70.0
322,386,65.31128874149275
323,224,79.1580697086532
323,225,45.27692569068709
323,323,0.0
323,324,45.0
323,220,70.27692569068708
323,230,70.27692569068708
324,323,45.0
324,324,0.0
324,325,45.0
324,322,70.0
324,328,75.0
325,316,75.0
325,319,50.0
325,322,25.0
325,324,45.0
325,325,0.0
325,328,30.0
325,331,55.0
325,386,40.311288741492746
325,321,70.0
325,327,75.0
326,229,79.0
326,230,45.0
326,326,0.0
326,327,45.0
326,225,70.0
326,235,70.0
327,326,45.0
327,327,0.0
327,328,45.0
327,325,75.0
327,331,70.0
328,387,50.0
328,322,55.0
328,325,30.0
328,327,45.0
328,328,0.0
328,331,25.0
328,334,50.0
328,324,75.0
328,386,70.31128874149275
328,330,70.0
329,234,79.0
329,235,45.0
329,329,0.0
329,330,45.0
329,230,70.0
329,240,70.0
330,329,45.0
330,330,0.0
330,331,45.0
330,328,70.0
330,334,70.0
331,387,50.0
331,325,55.0
331,328,25.0
331,330,45.0
331,331,0.0
331,334,25.0
331,337,55.0
331,327,70.0
331,333,70.0
331,388,65.0
332,239,79.0
332,240,45.0
332,332,0.0
332,333,45.0
332,235,70.0
332,245,75.0
333,332,45.0
333,333,0.0
333,334,45.0
333,331,70.0
333,337,75.0
334,328,50.0
334,331,25.0
334,333,45.0
334,334,0.0
334,337,30.0
334,340,55.0
334,388,40.0
334,330,70.0
334,387,75.0
334,336,75.0
335,244,79.0
335,245,45.0
335,335,0.0
335,336,45.0
335,240,75.0
335,250,70.0
336,335,45.0
336,336,0.0
336,337,45.0
336,334,75.0
336,340,70.0
337,390,50.0
337,331,55.0
337,334,30.0
337,336,45.0
337,337,0.0
337,340,25.0
337,343,50.0
337,346,75.0
337,333,75.0
337,388,70.0
337,339,70.0
338,249,79.0
338,250,45.0
338,338,0.0
338,339,45.0
338,245,70.0
338,255,70.0
339,338,45.0
339,339,0.0
339,340,45.0
339,337,70.0
339,343,70.0
340,390,50.0
340,334,55.0
340,337,25.0
340,339,45.0
340,340,0.0
340,343,25.0
340,346,50.0
340,349,75.0
340,336,70.0
340,342,70.0
340,392,65.31128874149275
341,254,79.0
341,255,45.0
341,341,0.0
341,342,45.0
341,250,70.0
341,260,70.0
342,341,45.0
342,342,0.0
342,343,45.0
342,340,70.0
342,346,70.0
343,337,50.0
343,340,25.0
343,342,45.0
343,343,0.0
343,346,25.0
343,349,50.0
343,392,40.311288741492746
343,339,70.0
343,390,75.0
343,345,70.0
343,394,65.0
344,259,79.0
344,260,45.0
344,344,0.0
344,345,45.0
344,255,70.0
344,265,70.0
345,344,45.0
345,345,0.0
345,346,45.0
345,343,70.0
345,349,70.0
346,337,75.0
346,340,50.0
346,343,25.0
346,345,45.0
346,346,0.0
346,349,25.0
346,352,55.0
346,394,40.0
346,342,70.0
346,392,65.31128874149275
346,348,70.0
346,396,65.0
347,264,79.0
347,265,45.0
347,347,0.0
347,348,45.0
347,260,70.0
347,270,75.0
348,347,45.0
348,348,0.0
348,349,45.0
348,346,70.0
348,352,75.0
349,340,75.0
349,343,50.0
349,346,25.0
349,348,45.0
349,349,0.0
349,352,30.0
349,355,55.0
349,396,40.0
349,345,70.0
349,394,65.0
349,351,75.0
349,398,70.0
350,269,79.0
350,270,45.0
350,350,0.0
350,351,45.0
350,265,75.0
350,275,70.0
351,350,45.0
351,351,0.0
351,352,45.0
351,349,75.0
351,355,70.0
352,346,55.0
352,349,30.0
352,351,45.0
352,352,0.0
352,355,25.0
352,358,50.0
352,361,75.0
352,398,40.0
352,348,75.0
352,396,70.0
352,400,75.0
352,354,70.0
353,274,79.0
353,275,45.0
353,353,0.0
353,354,45.0
353,270,70.0
353,280,70.0
354,353,45.0
354,354,0.0
354,355,45.0
354,352,70.0
354,358,70.0
355,400,50.0
355,349,55.0
355,352,25.0
355,354,45.0
355,355,0.0
355,358,25.0
355,361,50.0
355,364,75.0
355,351,70.0
355,398,65.0
355,357,70.0
356,279,79.0
356,280,45.0
356,356,0.0
356,357,45.0
356,275,70.0
356,285,70.0
357,356,45.0
357,357,0.0
357,358,45.0
357,355,70.0
357,361,70.0
358,400,50.0
358,352,50.0
358,355,25.0
358,357,45.0
358,358,0.0
358,361,25.0
358,364,50.0
358,367,75.0
358,354,70.0
358,360,70.0
358,403,65.0
359,284,79.0
359,285,45.0
359,359,0.0
359,360,45.0
359,280,70.0
359,290,70.0
360,359,45.0
360,360,0.0
360,361,45.0
360,358,70.0
360,364,70.0
361,352,75.0
361,355,50.0
361,358,25.0
361,360,45.0
361,361,0.0
361,364,25.0
361,367,50.0
361,370,70.0
361,403,40.0
361,357,70.0
361,400,75.0
361,406,75.0
361,363,70.0
362,289,79.0
362,290,45.0
362,362,0.0
362,363,45.0
362,285,70.0
362,295,70.0
363,362,45.0
363,363,0.0
363,364,45.0
363,361,70.0
363,367,70.0
364,406,50.0
364,355,75.0
364,358,50.0
364,361,25.0
364,363,45.0
364,364,0.0
364,367,25.0
364,370,45.0
364,373,75.0
364,360,70.0
364,403,65.0
364,366,70.0
365,294,79.0
365,295,45.0
365,365,0.0
365,366,45.0
365,290,70.0
365,300,75.0
366,365,45.0
366,366,0.0
366,367,45.0
366,364,70.0
366,370,65.0
367,406,50.0
367,358,75.0
367,361,50.0
367,364,25.0
367,366,45.0
367,367,0.0
367,370,20.0
367,373,50.0
367,363,70.0
367,369,65.0
367,410,60.311288741492746
368,299,79.63039620647382
368,368,0.0
368,369,45.0
369,368,45.0
369,369,0.0
369,370,45.0
369,367,65.0
369,373,75.0
370,361,70.0
370,364,45.0
370,367,20.0
370,369,45.0
370,370,0.0
370,373,30.0
370,376,60.0
370,410,40.311288741492746
370,366,65.0
370,406,70.0
370,372,75.0
371,304,79.1580697086532
371,305,45.27692569068709
371,371,0.0
371,372,45.0
371,300,70.27692569068708
371,310,70.27692569068708
372,371,45.0
372,372,0.0
372,373,45.0
372,370,75.0
372,376,75.0
373,413,50.0
373,364,75.0
373,367,50.0
373,370,30.0
373,372,45.0
373,373,0.0
373,376,30.0
373,384,70.0
373,369,75.0
373,410,70.31128874149275
373,375,75.0
374,309,79.0
374,310,45.0
374,374,0.0
374,375,45.0
374,305,70.0
375,374,45.0
375,375,0.0
375,376,45.0
375,373,75.0
376,413,50.0
376,416,50.0
376,370,60.0
376,373,30.0
376,375,45.0
376,376,0.0
376,384,40.0
376,372,75.0
377,199,77.62087348130012
377,200,40.311288741492746
377,377,0.0
377,378,33.0
377,379,67.0
377,194,65.31128874149275
378,200,70.8801805866774
378,377,33.0
378,378,0.0
378,379,34.0
378,380,68.0
379,377,67.0
379,378,34.0
379,379,0.0
379,380,34.0
379,381,68.0
380,378,68.0
380,379,34.0
380,380,0.0
380,381,34.0
380,382,79.0
380,310,74.0
381,305,65.0
381,310,40.0
381,379,68.0
381,380,34.0
381,381,0.0
381,382,45.0
381,309,74.0
382,380,79.0
382,381,45.0
382,382,0.0
382,383,45.0
383,382,45.0
383,383,0.0
383,384,45.0
384,373,70.0
384,376,40.0
384,383,45.0
384,384,0.0
384,416,42.720018726587654
385,319,42.720018726587654
385,385,0.0
385,316,67.72001872658765
385,322,67.72001872658765
386,325,40.311288741492746
386,386,0.0
386,322,65.31128874149275
386,328,70.31128874149275
387,331,50.0
387,328,50.0
387,387,0.0
387,334,75.0
388,334,40.0
388,388,0.0
388,389,40.0
388,331,65.0
388,337,70.0
389,391,60.0
389,388,40.0
389,389,0.0
390,337,50.0
390,340,50.0
390,390,0.0
390,391,40.0
390,343,75.0
391,389,60.0
391,390,40.0
391,391,0.0
392,343,40.311288741492746
392,392,0.0
392,393,40.0
392,340,65.31128874149275
392,346,65.31128874149275
393,421,50.0
393,392,40.0
393,393,0.0
394,346,40.0
394,394,0.0
394,395,40.0
394,343,65.0
394,349,65.0
395,421,40.0
395,397,50.0
395,394,40.0
395,395,0.0
396,349,40.0
396,396,0.0
396,397,40.0
396,346,65.0
396,352,70.0
397,395,50.0
397,422,50.0
397,396,40.0
397,397,0.0
398,352,40.0
398,398,0.0
398,399,40.0
398,349,70.0
398,355,65.0
399,422,50.0
399,398,40.0
399,399,0.0
400,355,50.0
400,358,50.0
400,400,0.0
400,401,40.0
400,352,75.0
400,361,75.0
401,400,40.0
401,401,0.0
401,402,40.0
402,401,40.0
402,402,0.0
402,405,40.0
402,422,50.24937810560445
403,361,40.0
403,403,0.0
403,404,40.0
403,358,65.0
403,364,65.0
404,403,40.0
404,404,0.0
404,405,40.0
405,402,40.0
405,404,40.0
405,405,0.0
405,408,40.0
406,364,50.0
406,367,50.0
406,406,0.0
406,407,40.0
406,361,75.0
406,370,70.0
407,406,40.0
407,407,0.0
407,408,40.0
408,423,50.0
408,405,40.0
408,407,40.0
408,408,0.0
410,370,40.311288741492746
410,410,0.0
410,411,40.0
410,367,60.311288741492746
410,373,70.31128874149275
411,410,40.0
411,411,0.0
411,412,40.0
412,423,50.0
412,424,50.0
412,411,40.0
412,412,0.0
413,373,50.0
413,376,50.0
413,413,0.0
413,414,40.0
414,413,40.0
414,414,0.0
414,415,40.0
415,424,50.0
415,425,50.0
415,414,40.0
415,415,0.0
416,376,50.0
416,384,42.720018726587654
416,416,0.0
416,417,40.0
417,416,40.0
417,417,0.0
417,418,40.0
418,425,50.0
418,417,40.0
418,418,0.0
419,31,74.33034373659252
419,32,50.99019513592785
419,33,61.032778078668514
419,48,64.03124237432849
419,53,50.0
419,58,40.0
419,63,47.16990566028302
419,201,66.94027188471824
419,202,67.446274915669
419,419,0.0
419,420,60.0
420,31,50.24937810560445
420,32,70.71067811865476
420,39,56.568542494923804
420,43,42.720018726587654
420,48,41.23105625617661
420,53,50.0
420,58,72.11102550927978
420,419,60.0
420,420,0.0
421,393,50.0
421,395,40.0
421,421,0.0
422,397,50.0
422,399,50.0
422,402,50.24937810560445
422,422,0.0
423,408,50.0
423,412,50.0
423,423,0.0
423,424,40.311288741492746
423,425,75.66372975210778
424,412,50.0
424,415,50.0
424,423,40.311288741492746
424,424,0.0
424,425,35.35533905932738
425,415,50.0
425,418,50.0
425,423,75.66372975210778
425,424,35.35533905932738
425,425,0.0
